Image,Product Title,Price,Description,Ratings,Best For
iphone13.jpg,Apple iPhone13,$829.00 ,"The iPhone 13 and iPhone 13 Mini (stylized as iPhone 13 mini) are smartphones designed, developed, marketed, and sold by Apple Inc. They are the fifteenth generation of iPhones (succeeding the iPhone 12 and iPhone 12 Mini). They were unveiled at an Apple Event in Apple Park in Cupertino, California on September 14, 2021, alongside the higher priced iPhone 13 Pro and iPhone 13 Pro Max flagships.",4.8,Everyday Users
SamsungGalaxyS22Plus.jpg,Samsung Galaxy S22 Plus (128GB),$800.00 ,"The Samsung Galaxy S22 is a series of Android-based smartphones designed, developed, manufactured, and marketed by Samsung Electronics as part of its Galaxy S series.",4.4,Everyday Users
iphone13pro.jpg,Apple iPhone13 PRO,$999.00 ,"Major upgrades over its predecessor include improved battery life, improved cameras and computational photography, rack focus for video in a new ""Cinematic Mode"" at 1080p 30 fps, Apple ProRes video recording, a new A15 Bionic system on a chip, and a variable 10-120 Hz display, marketed as ProMotion",4.8,Photographers
googlepixel6pro.jpg,Google Pixel 6 Pro,$899.00 ,"Meet Pixel 6 Pro, the completely redesigned, fully loaded Google phone. With the Pixel Camera system, next-gen security, and the Google Tensor processor, it's the smartest and fastest Pixel yet.",3.9,Beginners
AsusZenPhoneP.jpg,Asus Zenfone 8,$585.00 ,"The mighty Zenfone 8 packs superb performance into a compact easy-to-handle package, combining effortless operation with perfect pocketability. You also get the latest Qualcomm® Snapdragon™ 888 5G Mobile Platform for top-notch performance, an ultra-clear 120 Hz AMOLED display with breathtaking visuals, a long-lasting 4000 mAh battery for non-stop work or play, and a pro-grade camera system with Sony sensors. Zenfone 8 performs great, looks great, and feels great!",3.9,Android Fans
SamsungS22Ultra.jpg,Samsung Galaxy S22 ULTRA,"$1,200.00 ","Internal, 128GB 8GB RAM, 256GB 12GB RAM, 512GB 12GB RAM, 1TB 12GB RAM ; Main Camera, Quad ; Features, LED flash, auto-HDR, panorama.",3.8,Android Fans
googlepixel6.jpg,Google Pixel 6,$599.00 ,"The Pixel 6 starts at $599 / £599 / €649 for the model with 8GB of RAM and 128GB of internal storage. It comes in three colorways: Kinda Coral (shades of pink), Sorta Seafoam (green and yellow), and Stormy Black (black and gray). Note that this unlocked model does not support mmWave 5G (it is Sub6 5G only).",3.7,Android Fans
samsungGalaxyzFlip.jpg,Samsung Galaxy Z Flip 3,$999.00 ,"The all-new Galaxy Z Flip 3 features an upgraded design with a larger cover display, a more durable construction, and a new high refresh rate display on the inside. It also features Qualcomm's flagship Snapdragon 888 chip and several new software features to help you make the most of the foldable display.",4.6,Smartphone Enthusiasts
TCL20S.jpg,TCL 20S,$249.99 ,"Unlike the fancier TCL 20 Pro 5G, neither the 20S nor the 20SE has the latest and greatest processor, nor do they support 5G networking — those aren't unsurprising omissions at these price points.",4.9,Beginners
Pixel5A.jpg,Google Pixel 5A,$449.00 ,"Display: 6.34"" OLED, 2400×1080 {20:9} pixel resolution; the display uses Corning Gorilla Glass 3. It has a hole punch for the front camera.",4.9,Beginners
GalaxyZFold3.jpg,Samsung Galaxy Z Fold 3,"$1,500.00 ","The Z Fold 3's outer display and back panel use Gorilla Glass Victus, whilst the foldable inner display is made of Samsung's proprietary ""Ultra-Thin Glass"", with two protective plastic layers covering it.",4.2,Smartphone Enthusiasts
Oneplus10Pro.jpg,OnePlus 10 Pro,$899.99 ,"Unleash your creativity with a triple-camera system co-developed with Hasselblad, featuring the new OnePlus Billion Color Solution and a wider 150° FOV Ultra-Wide lens. A 6.7” QHD+ screen displays stunning colors and adjusts dynamically from 1Hz up to 120Hz, delivering the smoothest & most battery-efficient user experience.",3.9,Beginners
iPhoneSE.jpg,Apple iPhone SE,$429.00 ,"The iPhone SE features an aluminum frame, paired with a glass front and back. It shares the same physical sizes and dimensions as the iPhone 8, except for a now centered Apple logo and the removal of the iPhone branding in the lower midsection. As a result, phone cases made to fit the iPhone 8 will also fit the iPhone SE.",4.2,Everyday Users
MotoGPower.jpg,Moto G Power,$199.99 ,"With a massive 5000mAh battery, this phone can easily last you up to 3 days. That combined with a powerful 48MP triple camera system and a big 6.6"" screen truly makes this phone a trusted essential.",3.9,Travelers
RedmiNote9.jpg,Xiami Redmi Note 9,$189.99 ,"iaomi Redmi Note 9 ; CPU, Octa-core (2x2.0 GHz Cortex-A75 & 6x1.8 GHz Cortex-A55) ; GPU, Mali-G52 MC2 ; Memory, Card slot ; Internal, 64GB 3GB RAM, 64GB 4GB RAM",3.8,Beginners
oneplus-8t.jpg,OnePlus 8T,$609.00 ,"OnePlus 8T 5G is equipped with Qualcomm® Snapdragon™ 865 and 5G, 48 MP Quad Camera, 120 Hz Fluid Display, and 4500mAh Battery",3.7,Beginners
OnePlus.jpg,OnePlus 8 Glacial Green,$551.55 ,"OnePlus 8 Glacial Green,​ 5G Unlocked Android Smartphone U.S Version, 8GB RAM+128GB Storage, 90Hz Fluid Display,Triple Camera, with Alexa Built-in",3.6,Beginners
huawei-mate40-pro.jpg,Huawei Mate 40 Pro,"$1,499.00 ","No Google Play CPU With a big core clocking at 3.13 GHz and a three-level architecture, the octa-core CPU is tailored for improved performance and power efficiency. GPU The 24-core Mali-G78 GPU offers heightened image processing so you can enjoy immersive gaming experience.",3.7,Beginners
SamsungGalaxyA51.jpg,Samsung Galaxy A51,$154.00 ,"Samsung Galaxy A51 ; Display, Type ; Size, 6.5 inches, 102.0 cm2 (~87.4% screen-to-body ratio) ; Resolution, 1080 x 2400 pixels, 20:9 ratio (~405 ppi density).",3.4,Beginners
xiamo10t.jpg,Xiaomi Mi 10T Lite 5G,$289.50 ,Capture fun unexpected details near and far 64MP main camera Stand out from the background Depth Sensor Excellent photo quality - capture your beauty 16MP Front Camera Stunning self-portraits - focusing on the beauty in you Say goodbye to complex tutorials Beginners can take outstanding photos with ease Customized gap time and number of photos Up to 600 pictures/60 seconds.,3.2,Beginners